# 도서산간 우편번호 시드 — 출처: 택배사 공통 기준표(campaignus/imweb 게시본, 2026-07-20 확인)
# 원본 오탈자 보정 2건: '경남 통영 54000'→전북 군산 섬지역, '전남 신안 28826'→58826
# 연륙교 연결 지역은 미포함 — 목록에 없으면 일반 판정 (추가비 과청구 방지 원칙)
# 교차 검증 2026-07-20: 독립 출처(도매꾹 지역표) 표본 12개 중 11개 일치. 차이는 15654(대부도·연륙교)뿐 — 위 원칙과 일치
# 공식 단일 출처 부재 확인 (CJ·우체국 미공개). 택배사 계약 확정 시 해당 사 기준표로 최종 정렬 예정
zip_code,kind,region_name
63000,jeju,제주특별자치도
63001,jeju,제주특별자치도
63002,jeju,제주특별자치도
63003,jeju,제주특별자치도
63004,jeju,제주특별자치도
63005,jeju,제주특별자치도
63006,jeju,제주특별자치도
63007,jeju,제주특별자치도
63008,jeju,제주특별자치도
63009,jeju,제주특별자치도
63010,jeju,제주특별자치도
63011,jeju,제주특별자치도
63012,jeju,제주특별자치도
63013,jeju,제주특별자치도
63014,jeju,제주특별자치도
63015,jeju,제주특별자치도
63016,jeju,제주특별자치도
63017,jeju,제주특별자치도
63018,jeju,제주특별자치도
63019,jeju,제주특별자치도
63020,jeju,제주특별자치도
63021,jeju,제주특별자치도
63022,jeju,제주특별자치도
63023,jeju,제주특별자치도
63024,jeju,제주특별자치도
63025,jeju,제주특별자치도
63026,jeju,제주특별자치도
63027,jeju,제주특별자치도
63028,jeju,제주특별자치도
63029,jeju,제주특별자치도
63030,jeju,제주특별자치도
63031,jeju,제주특별자치도
63032,jeju,제주특별자치도
63033,jeju,제주특별자치도
63034,jeju,제주특별자치도
63035,jeju,제주특별자치도
63036,jeju,제주특별자치도
63037,jeju,제주특별자치도
63038,jeju,제주특별자치도
63039,jeju,제주특별자치도
63040,jeju,제주특별자치도
63041,jeju,제주특별자치도
63042,jeju,제주특별자치도
63043,jeju,제주특별자치도
63044,jeju,제주특별자치도
63045,jeju,제주특별자치도
63046,jeju,제주특별자치도
63047,jeju,제주특별자치도
63048,jeju,제주특별자치도
63049,jeju,제주특별자치도
63050,jeju,제주특별자치도
63051,jeju,제주특별자치도
63052,jeju,제주특별자치도
63053,jeju,제주특별자치도
63054,jeju,제주특별자치도
63055,jeju,제주특별자치도
63056,jeju,제주특별자치도
63057,jeju,제주특별자치도
63058,jeju,제주특별자치도
63059,jeju,제주특별자치도
63060,jeju,제주특별자치도
63061,jeju,제주특별자치도
63062,jeju,제주특별자치도
63063,jeju,제주특별자치도
63064,jeju,제주특별자치도
63065,jeju,제주특별자치도
63066,jeju,제주특별자치도
63067,jeju,제주특별자치도
63068,jeju,제주특별자치도
63069,jeju,제주특별자치도
63070,jeju,제주특별자치도
63071,jeju,제주특별자치도
63072,jeju,제주특별자치도
63073,jeju,제주특별자치도
63074,jeju,제주특별자치도
63075,jeju,제주특별자치도
63076,jeju,제주특별자치도
63077,jeju,제주특별자치도
63078,jeju,제주특별자치도
63079,jeju,제주특별자치도
63080,jeju,제주특별자치도
63081,jeju,제주특별자치도
63082,jeju,제주특별자치도
63083,jeju,제주특별자치도
63084,jeju,제주특별자치도
63085,jeju,제주특별자치도
63086,jeju,제주특별자치도
63087,jeju,제주특별자치도
63088,jeju,제주특별자치도
63089,jeju,제주특별자치도
63090,jeju,제주특별자치도
63091,jeju,제주특별자치도
63092,jeju,제주특별자치도
63093,jeju,제주특별자치도
63094,jeju,제주특별자치도
63095,jeju,제주특별자치도
63096,jeju,제주특별자치도
63097,jeju,제주특별자치도
63098,jeju,제주특별자치도
63099,jeju,제주특별자치도
63100,jeju,제주특별자치도
63101,jeju,제주특별자치도
63102,jeju,제주특별자치도
63103,jeju,제주특별자치도
63104,jeju,제주특별자치도
63105,jeju,제주특별자치도
63106,jeju,제주특별자치도
63107,jeju,제주특별자치도
63108,jeju,제주특별자치도
63109,jeju,제주특별자치도
63110,jeju,제주특별자치도
63111,jeju,제주특별자치도
63112,jeju,제주특별자치도
63113,jeju,제주특별자치도
63114,jeju,제주특별자치도
63115,jeju,제주특별자치도
63116,jeju,제주특별자치도
63117,jeju,제주특별자치도
63118,jeju,제주특별자치도
63119,jeju,제주특별자치도
63120,jeju,제주특별자치도
63121,jeju,제주특별자치도
63122,jeju,제주특별자치도
63123,jeju,제주특별자치도
63124,jeju,제주특별자치도
63125,jeju,제주특별자치도
63126,jeju,제주특별자치도
63127,jeju,제주특별자치도
63128,jeju,제주특별자치도
63129,jeju,제주특별자치도
63130,jeju,제주특별자치도
63131,jeju,제주특별자치도
63132,jeju,제주특별자치도
63133,jeju,제주특별자치도
63134,jeju,제주특별자치도
63135,jeju,제주특별자치도
63136,jeju,제주특별자치도
63137,jeju,제주특별자치도
63138,jeju,제주특별자치도
63139,jeju,제주특별자치도
63140,jeju,제주특별자치도
63141,jeju,제주특별자치도
63142,jeju,제주특별자치도
63143,jeju,제주특별자치도
63144,jeju,제주특별자치도
63145,jeju,제주특별자치도
63146,jeju,제주특별자치도
63147,jeju,제주특별자치도
63148,jeju,제주특별자치도
63149,jeju,제주특별자치도
63150,jeju,제주특별자치도
63151,jeju,제주특별자치도
63152,jeju,제주특별자치도
63153,jeju,제주특별자치도
63154,jeju,제주특별자치도
63155,jeju,제주특별자치도
63156,jeju,제주특별자치도
63157,jeju,제주특별자치도
63158,jeju,제주특별자치도
63159,jeju,제주특별자치도
63160,jeju,제주특별자치도
63161,jeju,제주특별자치도
63162,jeju,제주특별자치도
63163,jeju,제주특별자치도
63164,jeju,제주특별자치도
63165,jeju,제주특별자치도
63166,jeju,제주특별자치도
63167,jeju,제주특별자치도
63168,jeju,제주특별자치도
63169,jeju,제주특별자치도
63170,jeju,제주특별자치도
63171,jeju,제주특별자치도
63172,jeju,제주특별자치도
63173,jeju,제주특별자치도
63174,jeju,제주특별자치도
63175,jeju,제주특별자치도
63176,jeju,제주특별자치도
63177,jeju,제주특별자치도
63178,jeju,제주특별자치도
63179,jeju,제주특별자치도
63180,jeju,제주특별자치도
63181,jeju,제주특별자치도
63182,jeju,제주특별자치도
63183,jeju,제주특별자치도
63184,jeju,제주특별자치도
63185,jeju,제주특별자치도
63186,jeju,제주특별자치도
63187,jeju,제주특별자치도
63188,jeju,제주특별자치도
63189,jeju,제주특별자치도
63190,jeju,제주특별자치도
63191,jeju,제주특별자치도
63192,jeju,제주특별자치도
63193,jeju,제주특별자치도
63194,jeju,제주특별자치도
63195,jeju,제주특별자치도
63196,jeju,제주특별자치도
63197,jeju,제주특별자치도
63198,jeju,제주특별자치도
63199,jeju,제주특별자치도
63200,jeju,제주특별자치도
63201,jeju,제주특별자치도
63202,jeju,제주특별자치도
63203,jeju,제주특별자치도
63204,jeju,제주특별자치도
63205,jeju,제주특별자치도
63206,jeju,제주특별자치도
63207,jeju,제주특별자치도
63208,jeju,제주특별자치도
63209,jeju,제주특별자치도
63210,jeju,제주특별자치도
63211,jeju,제주특별자치도
63212,jeju,제주특별자치도
63213,jeju,제주특별자치도
63214,jeju,제주특별자치도
63215,jeju,제주특별자치도
63216,jeju,제주특별자치도
63217,jeju,제주특별자치도
63218,jeju,제주특별자치도
63219,jeju,제주특별자치도
63220,jeju,제주특별자치도
63221,jeju,제주특별자치도
63222,jeju,제주특별자치도
63223,jeju,제주특별자치도
63224,jeju,제주특별자치도
63225,jeju,제주특별자치도
63226,jeju,제주특별자치도
63227,jeju,제주특별자치도
63228,jeju,제주특별자치도
63229,jeju,제주특별자치도
63230,jeju,제주특별자치도
63231,jeju,제주특별자치도
63232,jeju,제주특별자치도
63233,jeju,제주특별자치도
63234,jeju,제주특별자치도
63235,jeju,제주특별자치도
63236,jeju,제주특별자치도
63237,jeju,제주특별자치도
63238,jeju,제주특별자치도
63239,jeju,제주특별자치도
63240,jeju,제주특별자치도
63241,jeju,제주특별자치도
63242,jeju,제주특별자치도
63243,jeju,제주특별자치도
63244,jeju,제주특별자치도
63245,jeju,제주특별자치도
63246,jeju,제주특별자치도
63247,jeju,제주특별자치도
63248,jeju,제주특별자치도
63249,jeju,제주특별자치도
63250,jeju,제주특별자치도
63251,jeju,제주특별자치도
63252,jeju,제주특별자치도
63253,jeju,제주특별자치도
63254,jeju,제주특별자치도
63255,jeju,제주특별자치도
63256,jeju,제주특별자치도
63257,jeju,제주특별자치도
63258,jeju,제주특별자치도
63259,jeju,제주특별자치도
63260,jeju,제주특별자치도
63261,jeju,제주특별자치도
63262,jeju,제주특별자치도
63263,jeju,제주특별자치도
63264,jeju,제주특별자치도
63265,jeju,제주특별자치도
63266,jeju,제주특별자치도
63267,jeju,제주특별자치도
63268,jeju,제주특별자치도
63269,jeju,제주특별자치도
63270,jeju,제주특별자치도
63271,jeju,제주특별자치도
63272,jeju,제주특별자치도
63273,jeju,제주특별자치도
63274,jeju,제주특별자치도
63275,jeju,제주특별자치도
63276,jeju,제주특별자치도
63277,jeju,제주특별자치도
63278,jeju,제주특별자치도
63279,jeju,제주특별자치도
63280,jeju,제주특별자치도
63281,jeju,제주특별자치도
63282,jeju,제주특별자치도
63283,jeju,제주특별자치도
63284,jeju,제주특별자치도
63285,jeju,제주특별자치도
63286,jeju,제주특별자치도
63287,jeju,제주특별자치도
63288,jeju,제주특별자치도
63289,jeju,제주특별자치도
63290,jeju,제주특별자치도
63291,jeju,제주특별자치도
63292,jeju,제주특별자치도
63293,jeju,제주특별자치도
63294,jeju,제주특별자치도
63295,jeju,제주특별자치도
63296,jeju,제주특별자치도
63297,jeju,제주특별자치도
63298,jeju,제주특별자치도
63299,jeju,제주특별자치도
63300,jeju,제주특별자치도
63301,jeju,제주특별자치도
63302,jeju,제주특별자치도
63303,jeju,제주특별자치도
63304,jeju,제주특별자치도
63305,jeju,제주특별자치도
63306,jeju,제주특별자치도
63307,jeju,제주특별자치도
63308,jeju,제주특별자치도
63309,jeju,제주특별자치도
63310,jeju,제주특별자치도
63311,jeju,제주특별자치도
63312,jeju,제주특별자치도
63313,jeju,제주특별자치도
63314,jeju,제주특별자치도
63315,jeju,제주특별자치도
63316,jeju,제주특별자치도
63317,jeju,제주특별자치도
63318,jeju,제주특별자치도
63319,jeju,제주특별자치도
63320,jeju,제주특별자치도
63321,jeju,제주특별자치도
63322,jeju,제주특별자치도
63323,jeju,제주특별자치도
63324,jeju,제주특별자치도
63325,jeju,제주특별자치도
63326,jeju,제주특별자치도
63327,jeju,제주특별자치도
63328,jeju,제주특별자치도
63329,jeju,제주특별자치도
63330,jeju,제주특별자치도
63331,jeju,제주특별자치도
63332,jeju,제주특별자치도
63333,jeju,제주특별자치도
63334,jeju,제주특별자치도
63335,jeju,제주특별자치도
63336,jeju,제주특별자치도
63337,jeju,제주특별자치도
63338,jeju,제주특별자치도
63339,jeju,제주특별자치도
63340,jeju,제주특별자치도
63341,jeju,제주특별자치도
63342,jeju,제주특별자치도
63343,jeju,제주특별자치도
63344,jeju,제주특별자치도
63345,jeju,제주특별자치도
63346,jeju,제주특별자치도
63347,jeju,제주특별자치도
63348,jeju,제주특별자치도
63349,jeju,제주특별자치도
63350,jeju,제주특별자치도
63351,jeju,제주특별자치도
63352,jeju,제주특별자치도
63353,jeju,제주특별자치도
63354,jeju,제주특별자치도
63355,jeju,제주특별자치도
63356,jeju,제주특별자치도
63357,jeju,제주특별자치도
63358,jeju,제주특별자치도
63359,jeju,제주특별자치도
63360,jeju,제주특별자치도
63361,jeju,제주특별자치도
63362,jeju,제주특별자치도
63363,jeju,제주특별자치도
63364,jeju,제주특별자치도
63365,jeju,제주특별자치도
63366,jeju,제주특별자치도
63367,jeju,제주특별자치도
63368,jeju,제주특별자치도
63369,jeju,제주특별자치도
63370,jeju,제주특별자치도
63371,jeju,제주특별자치도
63372,jeju,제주특별자치도
63373,jeju,제주특별자치도
63374,jeju,제주특별자치도
63375,jeju,제주특별자치도
63376,jeju,제주특별자치도
63377,jeju,제주특별자치도
63378,jeju,제주특별자치도
63379,jeju,제주특별자치도
63380,jeju,제주특별자치도
63381,jeju,제주특별자치도
63382,jeju,제주특별자치도
63383,jeju,제주특별자치도
63384,jeju,제주특별자치도
63385,jeju,제주특별자치도
63386,jeju,제주특별자치도
63387,jeju,제주특별자치도
63388,jeju,제주특별자치도
63389,jeju,제주특별자치도
63390,jeju,제주특별자치도
63391,jeju,제주특별자치도
63392,jeju,제주특별자치도
63393,jeju,제주특별자치도
63394,jeju,제주특별자치도
63395,jeju,제주특별자치도
63396,jeju,제주특별자치도
63397,jeju,제주특별자치도
63398,jeju,제주특별자치도
63399,jeju,제주특별자치도
63400,jeju,제주특별자치도
63401,jeju,제주특별자치도
63402,jeju,제주특별자치도
63403,jeju,제주특별자치도
63404,jeju,제주특별자치도
63405,jeju,제주특별자치도
63406,jeju,제주특별자치도
63407,jeju,제주특별자치도
63408,jeju,제주특별자치도
63409,jeju,제주특별자치도
63410,jeju,제주특별자치도
63411,jeju,제주특별자치도
63412,jeju,제주특별자치도
63413,jeju,제주특별자치도
63414,jeju,제주특별자치도
63415,jeju,제주특별자치도
63416,jeju,제주특별자치도
63417,jeju,제주특별자치도
63418,jeju,제주특별자치도
63419,jeju,제주특별자치도
63420,jeju,제주특별자치도
63421,jeju,제주특별자치도
63422,jeju,제주특별자치도
63423,jeju,제주특별자치도
63424,jeju,제주특별자치도
63425,jeju,제주특별자치도
63426,jeju,제주특별자치도
63427,jeju,제주특별자치도
63428,jeju,제주특별자치도
63429,jeju,제주특별자치도
63430,jeju,제주특별자치도
63431,jeju,제주특별자치도
63432,jeju,제주특별자치도
63433,jeju,제주특별자치도
63434,jeju,제주특별자치도
63435,jeju,제주특별자치도
63436,jeju,제주특별자치도
63437,jeju,제주특별자치도
63438,jeju,제주특별자치도
63439,jeju,제주특별자치도
63440,jeju,제주특별자치도
63441,jeju,제주특별자치도
63442,jeju,제주특별자치도
63443,jeju,제주특별자치도
63444,jeju,제주특별자치도
63445,jeju,제주특별자치도
63446,jeju,제주특별자치도
63447,jeju,제주특별자치도
63448,jeju,제주특별자치도
63449,jeju,제주특별자치도
63450,jeju,제주특별자치도
63451,jeju,제주특별자치도
63452,jeju,제주특별자치도
63453,jeju,제주특별자치도
63454,jeju,제주특별자치도
63455,jeju,제주특별자치도
63456,jeju,제주특별자치도
63457,jeju,제주특별자치도
63458,jeju,제주특별자치도
63459,jeju,제주특별자치도
63460,jeju,제주특별자치도
63461,jeju,제주특별자치도
63462,jeju,제주특별자치도
63463,jeju,제주특별자치도
63464,jeju,제주특별자치도
63465,jeju,제주특별자치도
63466,jeju,제주특별자치도
63467,jeju,제주특별자치도
63468,jeju,제주특별자치도
63469,jeju,제주특별자치도
63470,jeju,제주특별자치도
63471,jeju,제주특별자치도
63472,jeju,제주특별자치도
63473,jeju,제주특별자치도
63474,jeju,제주특별자치도
63475,jeju,제주특별자치도
63476,jeju,제주특별자치도
63477,jeju,제주특별자치도
63478,jeju,제주특별자치도
63479,jeju,제주특별자치도
63480,jeju,제주특별자치도
63481,jeju,제주특별자치도
63482,jeju,제주특별자치도
63483,jeju,제주특별자치도
63484,jeju,제주특별자치도
63485,jeju,제주특별자치도
63486,jeju,제주특별자치도
63487,jeju,제주특별자치도
63488,jeju,제주특별자치도
63489,jeju,제주특별자치도
63490,jeju,제주특별자치도
63491,jeju,제주특별자치도
63492,jeju,제주특별자치도
63493,jeju,제주특별자치도
63494,jeju,제주특별자치도
63495,jeju,제주특별자치도
63496,jeju,제주특별자치도
63497,jeju,제주특별자치도
63498,jeju,제주특별자치도
63499,jeju,제주특별자치도
63500,jeju,제주특별자치도
63501,jeju,제주특별자치도
63502,jeju,제주특별자치도
63503,jeju,제주특별자치도
63504,jeju,제주특별자치도
63505,jeju,제주특별자치도
63506,jeju,제주특별자치도
63507,jeju,제주특별자치도
63508,jeju,제주특별자치도
63509,jeju,제주특별자치도
63510,jeju,제주특별자치도
63511,jeju,제주특별자치도
63512,jeju,제주특별자치도
63513,jeju,제주특별자치도
63514,jeju,제주특별자치도
63515,jeju,제주특별자치도
63516,jeju,제주특별자치도
63517,jeju,제주특별자치도
63518,jeju,제주특별자치도
63519,jeju,제주특별자치도
63520,jeju,제주특별자치도
63521,jeju,제주특별자치도
63522,jeju,제주특별자치도
63523,jeju,제주특별자치도
63524,jeju,제주특별자치도
63525,jeju,제주특별자치도
63526,jeju,제주특별자치도
63527,jeju,제주특별자치도
63528,jeju,제주특별자치도
63529,jeju,제주특별자치도
63530,jeju,제주특별자치도
63531,jeju,제주특별자치도
63532,jeju,제주특별자치도
63533,jeju,제주특별자치도
63534,jeju,제주특별자치도
63535,jeju,제주특별자치도
63536,jeju,제주특별자치도
63537,jeju,제주특별자치도
63538,jeju,제주특별자치도
63539,jeju,제주특별자치도
63540,jeju,제주특별자치도
63541,jeju,제주특별자치도
63542,jeju,제주특별자치도
63543,jeju,제주특별자치도
63544,jeju,제주특별자치도
63545,jeju,제주특별자치도
63546,jeju,제주특별자치도
63547,jeju,제주특별자치도
63548,jeju,제주특별자치도
63549,jeju,제주특별자치도
63550,jeju,제주특별자치도
63551,jeju,제주특별자치도
63552,jeju,제주특별자치도
63553,jeju,제주특별자치도
63554,jeju,제주특별자치도
63555,jeju,제주특별자치도
63556,jeju,제주특별자치도
63557,jeju,제주특별자치도
63558,jeju,제주특별자치도
63559,jeju,제주특별자치도
63560,jeju,제주특별자치도
63561,jeju,제주특별자치도
63562,jeju,제주특별자치도
63563,jeju,제주특별자치도
63564,jeju,제주특별자치도
63565,jeju,제주특별자치도
63566,jeju,제주특별자치도
63567,jeju,제주특별자치도
63568,jeju,제주특별자치도
63569,jeju,제주특별자치도
63570,jeju,제주특별자치도
63571,jeju,제주특별자치도
63572,jeju,제주특별자치도
63573,jeju,제주특별자치도
63574,jeju,제주특별자치도
63575,jeju,제주특별자치도
63576,jeju,제주특별자치도
63577,jeju,제주특별자치도
63578,jeju,제주특별자치도
63579,jeju,제주특별자치도
63580,jeju,제주특별자치도
63581,jeju,제주특별자치도
63582,jeju,제주특별자치도
63583,jeju,제주특별자치도
63584,jeju,제주특별자치도
63585,jeju,제주특별자치도
63586,jeju,제주특별자치도
63587,jeju,제주특별자치도
63588,jeju,제주특별자치도
63589,jeju,제주특별자치도
63590,jeju,제주특별자치도
63591,jeju,제주특별자치도
63592,jeju,제주특별자치도
63593,jeju,제주특별자치도
63594,jeju,제주특별자치도
63595,jeju,제주특별자치도
63596,jeju,제주특별자치도
63597,jeju,제주특별자치도
63598,jeju,제주특별자치도
63599,jeju,제주특별자치도
63600,jeju,제주특별자치도
63601,jeju,제주특별자치도
63602,jeju,제주특별자치도
63603,jeju,제주특별자치도
63604,jeju,제주특별자치도
63605,jeju,제주특별자치도
63606,jeju,제주특별자치도
63607,jeju,제주특별자치도
63608,jeju,제주특별자치도
63609,jeju,제주특별자치도
63610,jeju,제주특별자치도
63611,jeju,제주특별자치도
63612,jeju,제주특별자치도
63613,jeju,제주특별자치도
63614,jeju,제주특별자치도
63615,jeju,제주특별자치도
63616,jeju,제주특별자치도
63617,jeju,제주특별자치도
63618,jeju,제주특별자치도
63619,jeju,제주특별자치도
63620,jeju,제주특별자치도
63621,jeju,제주특별자치도
63622,jeju,제주특별자치도
63623,jeju,제주특별자치도
63624,jeju,제주특별자치도
63625,jeju,제주특별자치도
63626,jeju,제주특별자치도
63627,jeju,제주특별자치도
63628,jeju,제주특별자치도
63629,jeju,제주특별자치도
63630,jeju,제주특별자치도
63631,jeju,제주특별자치도
63632,jeju,제주특별자치도
63633,jeju,제주특별자치도
63634,jeju,제주특별자치도
63635,jeju,제주특별자치도
63636,jeju,제주특별자치도
63637,jeju,제주특별자치도
63638,jeju,제주특별자치도
63639,jeju,제주특별자치도
63640,jeju,제주특별자치도
63641,jeju,제주특별자치도
63642,jeju,제주특별자치도
63643,jeju,제주특별자치도
63644,jeju,제주특별자치도
22386,island,인천 중구 섬지역
22387,island,인천 중구 섬지역
22388,island,인천 중구 섬지역
23004,island,인천 강화 섬지역
23005,island,인천 강화 섬지역
23006,island,인천 강화 섬지역
23007,island,인천 강화 섬지역
23008,island,인천 강화 섬지역
23009,island,인천 강화 섬지역
23010,island,인천 강화 섬지역
23100,island,인천 옹진 섬지역
23101,island,인천 옹진 섬지역
23102,island,인천 옹진 섬지역
23103,island,인천 옹진 섬지역
23104,island,인천 옹진 섬지역
23105,island,인천 옹진 섬지역
23106,island,인천 옹진 섬지역
23107,island,인천 옹진 섬지역
23108,island,인천 옹진 섬지역
23109,island,인천 옹진 섬지역
23110,island,인천 옹진 섬지역
23111,island,인천 옹진 섬지역
23112,island,인천 옹진 섬지역
23113,island,인천 옹진 섬지역
23114,island,인천 옹진 섬지역
23115,island,인천 옹진 섬지역
23116,island,인천 옹진 섬지역
23124,island,인천 옹진 섬지역
23125,island,인천 옹진 섬지역
23126,island,인천 옹진 섬지역
23127,island,인천 옹진 섬지역
23128,island,인천 옹진 섬지역
23129,island,인천 옹진 섬지역
23130,island,인천 옹진 섬지역
23131,island,인천 옹진 섬지역
23132,island,인천 옹진 섬지역
23133,island,인천 옹진 섬지역
23134,island,인천 옹진 섬지역
23135,island,인천 옹진 섬지역
23136,island,인천 옹진 섬지역
31708,island,충남 당진 섬지역
32133,island,충남 태안 섬지역
33411,island,충남 보령 섬지역
40200,island,경북 울릉군
40201,island,경북 울릉군
40202,island,경북 울릉군
40203,island,경북 울릉군
40204,island,경북 울릉군
40205,island,경북 울릉군
40206,island,경북 울릉군
40207,island,경북 울릉군
40208,island,경북 울릉군
40209,island,경북 울릉군
40210,island,경북 울릉군
40211,island,경북 울릉군
40212,island,경북 울릉군
40213,island,경북 울릉군
40214,island,경북 울릉군
40215,island,경북 울릉군
40216,island,경북 울릉군
40217,island,경북 울릉군
40218,island,경북 울릉군
40219,island,경북 울릉군
40220,island,경북 울릉군
40221,island,경북 울릉군
40222,island,경북 울릉군
40223,island,경북 울릉군
40224,island,경북 울릉군
40225,island,경북 울릉군
40226,island,경북 울릉군
40227,island,경북 울릉군
40228,island,경북 울릉군
40229,island,경북 울릉군
40230,island,경북 울릉군
40231,island,경북 울릉군
40232,island,경북 울릉군
40233,island,경북 울릉군
40234,island,경북 울릉군
40235,island,경북 울릉군
40236,island,경북 울릉군
40237,island,경북 울릉군
40238,island,경북 울릉군
40239,island,경북 울릉군
40240,island,경북 울릉군
46768,island,부산 강서구 섬지역
46769,island,부산 강서구 섬지역
46770,island,부산 강서구 섬지역
46771,island,부산 강서구 섬지역
52570,island,경남 사천 섬지역
52571,island,경남 사천 섬지역
53031,island,경남 통영 섬지역
53032,island,경남 통영 섬지역
53033,island,경남 통영 섬지역
53089,island,경남 통영 섬지역
53090,island,경남 통영 섬지역
53091,island,경남 통영 섬지역
53092,island,경남 통영 섬지역
53093,island,경남 통영 섬지역
53094,island,경남 통영 섬지역
53095,island,경남 통영 섬지역
53096,island,경남 통영 섬지역
53097,island,경남 통영 섬지역
53098,island,경남 통영 섬지역
53099,island,경남 통영 섬지역
53100,island,경남 통영 섬지역
53101,island,경남 통영 섬지역
53102,island,경남 통영 섬지역
53103,island,경남 통영 섬지역
53104,island,경남 통영 섬지역
54000,island,전북 군산 섬지역
56347,island,전북 부안 섬지역
56348,island,전북 부안 섬지역
56349,island,전북 부안 섬지역
57068,island,전남 영광 섬지역
57069,island,전남 영광 섬지역
58760,island,전남 목포 섬지역
58761,island,전남 목포 섬지역
58762,island,전남 목포 섬지역
58800,island,전남 신안 섬지역
58801,island,전남 신안 섬지역
58802,island,전남 신안 섬지역
58803,island,전남 신안 섬지역
58804,island,전남 신안 섬지역
58805,island,전남 신안 섬지역
58806,island,전남 신안 섬지역
58807,island,전남 신안 섬지역
58808,island,전남 신안 섬지역
58809,island,전남 신안 섬지역
58810,island,전남 신안 섬지역
58816,island,전남 신안 섬지역
58817,island,전남 신안 섬지역
58818,island,전남 신안 섬지역
58826,island,전남 신안 섬지역
58828,island,전남 신안 섬지역
58829,island,전남 신안 섬지역
58830,island,전남 신안 섬지역
58831,island,전남 신안 섬지역
58832,island,전남 신안 섬지역
58833,island,전남 신안 섬지역
58834,island,전남 신안 섬지역
58835,island,전남 신안 섬지역
58836,island,전남 신안 섬지역
58837,island,전남 신안 섬지역
58838,island,전남 신안 섬지역
58839,island,전남 신안 섬지역
58840,island,전남 신안 섬지역
58841,island,전남 신안 섬지역
58842,island,전남 신안 섬지역
58843,island,전남 신안 섬지역
58844,island,전남 신안 섬지역
58845,island,전남 신안 섬지역
58846,island,전남 신안 섬지역
58847,island,전남 신안 섬지역
58848,island,전남 신안 섬지역
58849,island,전남 신안 섬지역
58850,island,전남 신안 섬지역
58851,island,전남 신안 섬지역
58852,island,전남 신안 섬지역
58853,island,전남 신안 섬지역
58854,island,전남 신안 섬지역
58855,island,전남 신안 섬지역
58856,island,전남 신안 섬지역
58857,island,전남 신안 섬지역
58858,island,전남 신안 섬지역
58859,island,전남 신안 섬지역
58860,island,전남 신안 섬지역
58861,island,전남 신안 섬지역
58862,island,전남 신안 섬지역
58863,island,전남 신안 섬지역
58864,island,전남 신안 섬지역
58865,island,전남 신안 섬지역
58866,island,전남 신안 섬지역
58953,island,전남 진도 섬지역
58954,island,전남 진도 섬지역
58955,island,전남 진도 섬지역
58956,island,전남 진도 섬지역
58957,island,전남 진도 섬지역
58958,island,전남 진도 섬지역
59102,island,전남 완도 섬지역
59103,island,전남 완도 섬지역
59106,island,전남 완도 섬지역
59127,island,전남 완도 섬지역
59129,island,전남 완도 섬지역
59137,island,전남 완도 섬지역
59138,island,전남 완도 섬지역
59139,island,전남 완도 섬지역
59140,island,전남 완도 섬지역
59141,island,전남 완도 섬지역
59142,island,전남 완도 섬지역
59143,island,전남 완도 섬지역
59144,island,전남 완도 섬지역
59145,island,전남 완도 섬지역
59146,island,전남 완도 섬지역
59147,island,전남 완도 섬지역
59148,island,전남 완도 섬지역
59149,island,전남 완도 섬지역
59150,island,전남 완도 섬지역
59151,island,전남 완도 섬지역
59152,island,전남 완도 섬지역
59153,island,전남 완도 섬지역
59154,island,전남 완도 섬지역
59155,island,전남 완도 섬지역
59156,island,전남 완도 섬지역
59157,island,전남 완도 섬지역
59158,island,전남 완도 섬지역
59159,island,전남 완도 섬지역
59160,island,전남 완도 섬지역
59161,island,전남 완도 섬지역
59162,island,전남 완도 섬지역
59163,island,전남 완도 섬지역
59164,island,전남 완도 섬지역
59165,island,전남 완도 섬지역
59166,island,전남 완도 섬지역
59650,island,전남 여수 섬지역
59766,island,전남 여수 섬지역
59781,island,전남 여수 섬지역
59782,island,전남 여수 섬지역
59783,island,전남 여수 섬지역
59784,island,전남 여수 섬지역
59785,island,전남 여수 섬지역
59786,island,전남 여수 섬지역
59787,island,전남 여수 섬지역
59788,island,전남 여수 섬지역
59789,island,전남 여수 섬지역
59790,island,전남 여수 섬지역
